{
  "Zero-shot Standard": {
    "metrics": {
      "accuracy": 0.7,
      "precision_true": 0.8333333333333334,
      "recall_true": 0.5,
      "f1_true": 0.625,
      "precision_false": 0.6428571428571429,
      "recall_false": 0.9,
      "f1_false": 0.75,
      "macro_f1": 0.6875,
      "weighted_f1": 0.6875,
      "n_samples": 20
    },
    "confusion_matrix": [
      [
        9,
        1
      ],
      [
        5,
        5
      ]
    ],
    "success_rate": 1.0,
    "classification_report": {
      "False": {
        "precision": 0.6428571428571429,
        "recall": 0.9,
        "f1-score": 0.75,
        "support": 10.0
      },
      "True": {
        "precision": 0.8333333333333334,
        "recall": 0.5,
        "f1-score": 0.625,
        "support": 10.0
      },
      "accuracy": 0.7,
      "macro avg": {
        "precision": 0.7380952380952381,
        "recall": 0.7,
        "f1-score": 0.6875,
        "support": 20.0
      },
      "weighted avg": {
        "precision": 0.7380952380952381,
        "recall": 0.7,
        "f1-score": 0.6875,
        "support": 20.0
      }
    }
  },
  "Zero-shot Chain-of-Thought": {
    "metrics": {
      "accuracy": 0.7368421052631579,
      "precision_true": 0.8333333333333334,
      "recall_true": 0.5555555555555556,
      "f1_true": 0.6666666666666666,
      "precision_false": 0.6923076923076923,
      "recall_false": 0.9,
      "f1_false": 0.782608695652174,
      "macro_f1": 0.7246376811594203,
      "weighted_f1": 0.7276887871853547,
      "n_samples": 19
    },
    "confusion_matrix": [
      [
        9,
        1
      ],
      [
        4,
        5
      ]
    ],
    "success_rate": 1.0,
    "classification_report": {
      "False": {
        "precision": 0.6923076923076923,
        "recall": 0.9,
        "f1-score": 0.782608695652174,
        "support": 10.0
      },
      "True": {
        "precision": 0.8333333333333334,
        "recall": 0.5555555555555556,
        "f1-score": 0.6666666666666666,
        "support": 9.0
      },
      "accuracy": 0.7368421052631579,
      "macro avg": {
        "precision": 0.7628205128205128,
        "recall": 0.7277777777777779,
        "f1-score": 0.7246376811594203,
        "support": 19.0
      },
      "weighted avg": {
        "precision": 0.7591093117408907,
        "recall": 0.7368421052631579,
        "f1-score": 0.7276887871853547,
        "support": 19.0
      }
    }
  },
  "Few-shot Chain-of-Thought": {
    "metrics": {
      "accuracy": 0.65,
      "precision_true": 0.8,
      "recall_true": 0.4,
      "f1_true": 0.5333333333333333,
      "precision_false": 0.6,
      "recall_false": 0.9,
      "f1_false": 0.72,
      "macro_f1": 0.6266666666666667,
      "weighted_f1": 0.6266666666666666,
      "n_samples": 20
    },
    "confusion_matrix": [
      [
        9,
        1
      ],
      [
        6,
        4
      ]
    ],
    "success_rate": 1.0,
    "classification_report": {
      "False": {
        "precision": 0.6,
        "recall": 0.9,
        "f1-score": 0.72,
        "support": 10.0
      },
      "True": {
        "precision": 0.8,
        "recall": 0.4,
        "f1-score": 0.5333333333333333,
        "support": 10.0
      },
      "accuracy": 0.65,
      "macro avg": {
        "precision": 0.7,
        "recall": 0.65,
        "f1-score": 0.6266666666666667,
        "support": 20.0
      },
      "weighted avg": {
        "precision": 0.7,
        "recall": 0.65,
        "f1-score": 0.6266666666666666,
        "support": 20.0
      }
    }
  }
}