Model,Accuracy,Precision (True),Recall (True),F1-True,Precision (False),Recall (False),F1-False,Macro F1,N Samples
Zero-shot Chain-of-Thought,0.7368421052631579,0.8333333333333334,0.5555555555555556,0.6666666666666666,0.6923076923076923,0.9,0.782608695652174,0.7246376811594203,19
Zero-shot Standard,0.7,0.8333333333333334,0.5,0.625,0.6428571428571429,0.9,0.75,0.6875,20
Few-shot Chain-of-Thought,0.65,0.8,0.4,0.5333333333333333,0.6,0.9,0.72,0.6266666666666667,20
